pdb_id,chain,res_i,resname_i,res_j,resname_j,theta_pp_deg
1awp,A,1,ASP,2,PRO,-65.865848
1awp,A,2,PRO,3,ALA,114.264824
1awp,A,3,ALA,4,VAL,-101.376172
1awp,A,4,VAL,5,THR,-108.266552
1awp,A,5,THR,6,TYR,-124.408249
1awp,A,6,TYR,7,TYR,-133.03411
1awp,A,7,TYR,8,ARG,-97.739219
1awp,A,8,ARG,9,LEU,104.00513
1awp,A,9,LEU,10,GLU,104.498622
1awp,A,10,GLU,11,GLU,86.340029
1awp,A,11,GLU,12,VAL,96.157359
1awp,A,12,VAL,13,ALA,110.73881
1awp,A,13,ALA,14,LYS,92.314807
1awp,A,14,LYS,15,ARG,105.129913
1awp,A,15,ARG,16,ASN,73.933788
1awp,A,16,ASN,17,THR,-126.826187
1awp,A,17,THR,18,ALA,109.275397
1awp,A,18,ALA,19,GLU,89.281771
1awp,A,19,GLU,20,GLU,111.946265
1awp,A,20,GLU,21,THR,-122.335555
1awp,A,21,THR,22,TRP,-120.733828
1awp,A,22,TRP,23,MET,-142.571816
1awp,A,23,MET,24,VAL,-113.672015
1awp,A,24,VAL,25,ILE,121.780556
1awp,A,25,ILE,26,HIS,-101.279189
1awp,A,26,HIS,27,GLY,-103.597904
1awp,A,27,GLY,28,ARG,-123.98778
1awp,A,28,ARG,29,VAL,-110.319591
1awp,A,29,VAL,30,TYR,-130.230427
1awp,A,30,TYR,31,ASP,103.778554
1awp,A,31,ASP,32,ILE,89.513415
1awp,A,32,ILE,33,THR,101.893089
1awp,A,33,THR,34,ARG,93.559828
1awp,A,34,ARG,35,PHE,82.864208
1awp,A,35,PHE,36,LEU,108.290436
1awp,A,36,LEU,37,SER,92.207771
1awp,A,37,SER,38,GLU,73.544639
1awp,A,38,GLU,39,HIS,-96.280249
1awp,A,39,HIS,40,PRO,111.170589
1awp,A,40,PRO,41,GLY,93.963388
1awp,A,41,GLY,42,GLY,89.456302
1awp,A,42,GLY,43,GLU,81.792604
1awp,A,43,GLU,44,GLU,93.705168
1awp,A,44,GLU,45,LEU,103.330546
1awp,A,45,LEU,46,LEU,88.958895
1awp,A,46,LEU,47,LEU,99.870531
1awp,A,47,LEU,48,GLU,105.464263
1awp,A,48,GLU,49,GLN,67.962849
1awp,A,49,GLN,50,ALA,-79.232315
1awp,A,50,ALA,51,GLY,-98.470784
1awp,A,51,GLY,52,ALA,-128.138574
1awp,A,52,ALA,53,ASP,-101.310618
1awp,A,53,ASP,54,ALA,83.224294
1awp,A,54,ALA,55,THR,94.377289
1awp,A,55,THR,56,GLU,97.769199
1awp,A,56,GLU,57,SER,95.151336
1awp,A,57,SER,58,PHE,96.302951
1awp,A,58,PHE,59,GLU,93.419772
1awp,A,59,GLU,60,ASP,97.669039
1awp,A,60,ASP,61,LEU,98.010256
1awp,A,61,LEU,62,GLY,-78.96435
1awp,A,62,GLY,63,HIS,-84.734289
1awp,A,63,HIS,64,SER,-81.575975
1awp,A,64,SER,65,PRO,106.901306
1awp,A,65,PRO,66,ASP,94.083565
1awp,A,66,ASP,67,ALA,93.93808
1awp,A,67,ALA,68,ARG,99.35926
1awp,A,68,ARG,69,GLU,96.734998
1awp,A,69,GLU,70,MET,106.284865
1awp,A,70,MET,71,LEU,102.861671
1awp,A,71,LEU,72,LYS,112.971855
1awp,A,72,LYS,73,GLN,95.392596
1awp,A,73,GLN,74,TYR,68.622302
1awp,A,74,TYR,75,TYR,-92.170942
1awp,A,75,TYR,76,ILE,53.912872
1awp,A,76,ILE,77,GLY,162.808121
1awp,A,77,GLY,78,ASP,-115.900543
1awp,A,78,ASP,79,VAL,-93.957548
1awp,A,79,VAL,80,HIS,-78.859389
1awp,A,80,HIS,81,PRO,108.530725
1awp,A,81,PRO,82,ASN,108.021317
1awp,A,82,ASN,83,ASP,79.955031
1awp,A,83,ASP,84,LEU,-100.785432
1awp,A,84,LEU,85,LYS,-77.9088
1awp,B,1,ASP,2,PRO,-71.728101
1awp,B,2,PRO,3,ALA,89.617864
1awp,B,3,ALA,4,VAL,-126.038465
1awp,B,4,VAL,5,THR,-107.643758
1awp,B,5,THR,6,TYR,-116.640437
1awp,B,6,TYR,7,TYR,-128.418049
1awp,B,7,TYR,8,ARG,-88.212524
1awp,B,8,ARG,9,LEU,103.13196
1awp,B,9,LEU,10,GLU,99.890631
1awp,B,10,GLU,11,GLU,92.023139
1awp,B,11,GLU,12,VAL,95.91905
1awp,B,12,VAL,13,ALA,113.369144
1awp,B,13,ALA,14,LYS,92.420552
1awp,B,14,LYS,15,ARG,110.035322
1awp,B,15,ARG,16,ASN,83.734327
1awp,B,16,ASN,17,THR,-140.560049
1awp,B,17,THR,18,ALA,114.578122
1awp,B,18,ALA,19,GLU,92.168295
1awp,B,19,GLU,20,GLU,104.570027
1awp,B,20,GLU,21,THR,-119.661668
1awp,B,21,THR,22,TRP,-116.885191
1awp,B,22,TRP,23,MET,-147.076196
1awp,B,23,MET,24,VAL,-116.10717
1awp,B,24,VAL,25,ILE,121.251453
1awp,B,25,ILE,26,HIS,-100.012613
1awp,B,26,HIS,27,GLY,-101.267013
1awp,B,27,GLY,28,ARG,-130.014911
1awp,B,28,ARG,29,VAL,-113.690315
1awp,B,29,VAL,30,TYR,-130.270937
1awp,B,30,TYR,31,ASP,102.982789
1awp,B,31,ASP,32,ILE,92.215622
1awp,B,32,ILE,33,THR,97.054384
1awp,B,33,THR,34,ARG,101.109037
1awp,B,34,ARG,35,PHE,87.563297
1awp,B,35,PHE,36,LEU,105.498956
1awp,B,36,LEU,37,SER,96.125689
1awp,B,37,SER,38,GLU,70.161448
1awp,B,38,GLU,39,HIS,-103.414278
1awp,B,39,HIS,40,PRO,113.35766
1awp,B,40,PRO,41,GLY,98.946397
1awp,B,41,GLY,42,GLY,80.672314
1awp,B,42,GLY,43,GLU,71.341635
1awp,B,43,GLU,44,GLU,99.628689
1awp,B,44,GLU,45,LEU,99.84285
1awp,B,45,LEU,46,LEU,85.222708
1awp,B,46,LEU,47,LEU,107.270772
1awp,B,47,LEU,48,GLU,105.96733
1awp,B,48,GLU,49,GLN,77.989581
1awp,B,49,GLN,50,ALA,-84.095903
1awp,B,50,ALA,51,GLY,-97.84093
1awp,B,51,GLY,52,ALA,-133.27912
1awp,B,52,ALA,53,ASP,-104.896031
1awp,B,53,ASP,54,ALA,85.970819
1awp,B,54,ALA,55,THR,98.195041
1awp,B,55,THR,56,GLU,95.763845
1awp,B,56,GLU,57,SER,93.43328
1awp,B,57,SER,58,PHE,103.234233
1awp,B,58,PHE,59,GLU,80.489352
1awp,B,59,GLU,60,ASP,101.420093
1awp,B,60,ASP,61,LEU,101.422815
1awp,B,61,LEU,62,GLY,63.996002
1awp,B,62,GLY,63,HIS,-114.380338
1awp,B,63,HIS,64,SER,-73.040845
1awp,B,64,SER,65,PRO,107.014401
1awp,B,65,PRO,66,ASP,96.597597
1awp,B,66,ASP,67,ALA,94.118114
1awp,B,67,ALA,68,ARG,98.520027
1awp,B,68,ARG,69,GLU,95.660998
1awp,B,69,GLU,70,MET,96.563054
1awp,B,70,MET,71,LEU,107.202027
1awp,B,71,LEU,72,LYS,114.198623
1awp,B,72,LYS,73,GLN,100.652516
1awp,B,73,GLN,74,TYR,72.71109
1awp,B,74,TYR,75,TYR,-88.837325
1awp,B,75,TYR,76,ILE,52.738039
1awp,B,76,ILE,77,GLY,169.450011
1awp,B,77,GLY,78,ASP,-118.322333
1awp,B,78,ASP,79,VAL,-85.636783
1awp,B,79,VAL,80,HIS,-80.720488
1awp,B,80,HIS,81,PRO,112.79179
1awp,B,81,PRO,82,ASN,102.941963
1awp,B,82,ASN,83,ASP,84.213921
1awp,B,83,ASP,84,LEU,-93.926733
1awp,B,84,LEU,85,LYS,112.371862