pdb,chain,res_i,cath_domain,cath_class,ecod_domain,f_id,h_name,f_name
6q3t,A,1,6q3tAD01,1,e6q3tA1,2007.1.1.1,Class I glutamine amidotransferase-like,DJ-1_PfpI
6q3t,A,2,6q3tAD01,1,e6q3tA1,2007.1.1.1,Class I glutamine amidotransferase-like,DJ-1_PfpI
6q3t,A,3,6q3tAD01,1,e6q3tA1,2007.1.1.1,Class I glutamine amidotransferase-like,DJ-1_PfpI
6q3t,A,4,6q3tAD01,1,e6q3tA1,2007.1.1.1,Class I glutamine amidotransferase-like,DJ-1_PfpI
6q3t,A,5,6q3tAD01,1,e6q3tA1,2007.1.1.1,Class I glutamine amidotransferase-like,DJ-1_PfpI
6q3t,A,6,6q3tAD01,1,e6q3tA1,2007.1.1.1,Class I glutamine amidotransferase-like,DJ-1_PfpI
6q3t,A,7,6q3tAD01,1,e6q3tA1,2007.1.1.1,Class I glutamine amidotransferase-like,DJ-1_PfpI
6q3t,A,8,6q3tAD01,1,e6q3tA1,2007.1.1.1,Class I glutamine amidotransferase-like,DJ-1_PfpI
6q3t,A,9,6q3tAD01,1,e6q3tA1,2007.1.1.1,Class I glutamine amidotransferase-like,DJ-1_PfpI
6q3t,A,10,6q3tAD01,1,e6q3tA1,2007.1.1.1,Class I glutamine amidotransferase-like,DJ-1_PfpI
6q3t,A,11,6q3tAD01,1,e6q3tA1,2007.1.1.1,Class I glutamine amidotransferase-like,DJ-1_PfpI
6q3t,A,12,6q3tAD01,1,e6q3tA1,2007.1.1.1,Class I glutamine amidotransferase-like,DJ-1_PfpI
6q3t,A,13,6q3tAD01,1,e6q3tA1,2007.1.1.1,Class I glutamine amidotransferase-like,DJ-1_PfpI
6q3t,A,14,6q3tAD01,1,e6q3tA1,2007.1.1.1,Class I glutamine amidotransferase-like,DJ-1_PfpI
6q3t,A,15,6q3tAD01,1,e6q3tA1,2007.1.1.1,Class I glutamine amidotransferase-like,DJ-1_PfpI
6q3t,A,16,6q3tAD01,1,e6q3tA1,2007.1.1.1,Class I glutamine amidotransferase-like,DJ-1_PfpI
6q3t,A,17,6q3tAD01,1,e6q3tA1,2007.1.1.1,Class I glutamine amidotransferase-like,DJ-1_PfpI
6q3t,A,18,6q3tAD01,1,e6q3tA1,2007.1.1.1,Class I glutamine amidotransferase-like,DJ-1_PfpI
6q3t,A,19,6q3tAD01,1,e6q3tA1,2007.1.1.1,Class I glutamine amidotransferase-like,DJ-1_PfpI
6q3t,A,20,6q3tAD01,1,e6q3tA1,2007.1.1.1,Class I glutamine amidotransferase-like,DJ-1_PfpI
6q3t,A,21,6q3tAD01,1,e6q3tA1,2007.1.1.1,Class I glutamine amidotransferase-like,DJ-1_PfpI
6q3t,A,22,6q3tAD01,1,e6q3tA1,2007.1.1.1,Class I glutamine amidotransferase-like,DJ-1_PfpI
6q3t,A,23,6q3tAD01,1,e6q3tA1,2007.1.1.1,Class I glutamine amidotransferase-like,DJ-1_PfpI
6q3t,A,24,6q3tAD01,1,e6q3tA1,2007.1.1.1,Class I glutamine amidotransferase-like,DJ-1_PfpI
6q3t,A,25,6q3tAD01,1,e6q3tA1,2007.1.1.1,Class I glutamine amidotransferase-like,DJ-1_PfpI
6q3t,A,26,6q3tAD01,1,e6q3tA1,2007.1.1.1,Class I glutamine amidotransferase-like,DJ-1_PfpI
6q3t,A,27,6q3tAD01,1,e6q3tA1,2007.1.1.1,Class I glutamine amidotransferase-like,DJ-1_PfpI
6q3t,A,28,6q3tAD01,1,e6q3tA1,2007.1.1.1,Class I glutamine amidotransferase-like,DJ-1_PfpI
6q3t,A,29,6q3tAD01,1,e6q3tA1,2007.1.1.1,Class I glutamine amidotransferase-like,DJ-1_PfpI
6q3t,A,30,6q3tAD01,1,e6q3tA1,2007.1.1.1,Class I glutamine amidotransferase-like,DJ-1_PfpI
6q3t,A,31,6q3tAD01,1,e6q3tA1,2007.1.1.1,Class I glutamine amidotransferase-like,DJ-1_PfpI
6q3t,A,32,6q3tAD01,1,e6q3tA1,2007.1.1.1,Class I glutamine amidotransferase-like,DJ-1_PfpI
6q3t,A,33,6q3tAD01,1,e6q3tA1,2007.1.1.1,Class I glutamine amidotransferase-like,DJ-1_PfpI
6q3t,A,34,6q3tAD01,1,e6q3tA1,2007.1.1.1,Class I glutamine amidotransferase-like,DJ-1_PfpI
6q3t,A,35,6q3tAD01,1,e6q3tA1,2007.1.1.1,Class I glutamine amidotransferase-like,DJ-1_PfpI
6q3t,A,36,6q3tAD01,1,e6q3tA1,2007.1.1.1,Class I glutamine amidotransferase-like,DJ-1_PfpI
6q3t,A,37,6q3tAD01,1,e6q3tA1,2007.1.1.1,Class I glutamine amidotransferase-like,DJ-1_PfpI
6q3t,A,38,6q3tAD01,1,e6q3tA1,2007.1.1.1,Class I glutamine amidotransferase-like,DJ-1_PfpI
6q3t,A,39,6q3tAD01,1,e6q3tA1,2007.1.1.1,Class I glutamine amidotransferase-like,DJ-1_PfpI
6q3t,A,40,6q3tAD01,1,e6q3tA1,2007.1.1.1,Class I glutamine amidotransferase-like,DJ-1_PfpI
6q3t,A,41,6q3tAD01,1,e6q3tA1,2007.1.1.1,Class I glutamine amidotransferase-like,DJ-1_PfpI
6q3t,A,42,6q3tAD01,1,e6q3tA1,2007.1.1.1,Class I glutamine amidotransferase-like,DJ-1_PfpI
6q3t,A,43,6q3tAD01,1,e6q3tA1,2007.1.1.1,Class I glutamine amidotransferase-like,DJ-1_PfpI
6q3t,A,44,6q3tAD01,1,e6q3tA1,2007.1.1.1,Class I glutamine amidotransferase-like,DJ-1_PfpI
6q3t,A,45,6q3tAD01,1,e6q3tA1,2007.1.1.1,Class I glutamine amidotransferase-like,DJ-1_PfpI
6q3t,A,46,6q3tAD01,1,e6q3tA1,2007.1.1.1,Class I glutamine amidotransferase-like,DJ-1_PfpI
6q3t,A,47,6q3tAD01,1,e6q3tA1,2007.1.1.1,Class I glutamine amidotransferase-like,DJ-1_PfpI
6q3t,A,48,6q3tAD01,1,e6q3tA1,2007.1.1.1,Class I glutamine amidotransferase-like,DJ-1_PfpI
6q3t,A,49,6q3tAD01,1,e6q3tA1,2007.1.1.1,Class I glutamine amidotransferase-like,DJ-1_PfpI
6q3t,A,50,6q3tAD01,1,e6q3tA1,2007.1.1.1,Class I glutamine amidotransferase-like,DJ-1_PfpI
6q3t,A,51,6q3tAD01,1,e6q3tA1,2007.1.1.1,Class I glutamine amidotransferase-like,DJ-1_PfpI
6q3t,A,52,6q3tAD01,1,e6q3tA1,2007.1.1.1,Class I glutamine amidotransferase-like,DJ-1_PfpI
6q3t,A,53,6q3tAD01,1,e6q3tA1,2007.1.1.1,Class I glutamine amidotransferase-like,DJ-1_PfpI
6q3t,A,54,6q3tAD01,1,e6q3tA1,2007.1.1.1,Class I glutamine amidotransferase-like,DJ-1_PfpI
6q3t,A,55,6q3tAD01,1,e6q3tA1,2007.1.1.1,Class I glutamine amidotransferase-like,DJ-1_PfpI
6q3t,A,56,6q3tAD01,1,e6q3tA1,2007.1.1.1,Class I glutamine amidotransferase-like,DJ-1_PfpI
6q3t,A,57,6q3tAD01,1,e6q3tA1,2007.1.1.1,Class I glutamine amidotransferase-like,DJ-1_PfpI
6q3t,A,58,6q3tAD01,1,e6q3tA1,2007.1.1.1,Class I glutamine amidotransferase-like,DJ-1_PfpI
6q3t,A,59,6q3tAD01,1,e6q3tA1,2007.1.1.1,Class I glutamine amidotransferase-like,DJ-1_PfpI
6q3t,A,60,6q3tAD01,1,e6q3tA1,2007.1.1.1,Class I glutamine amidotransferase-like,DJ-1_PfpI
6q3t,A,61,6q3tAD01,1,e6q3tA1,2007.1.1.1,Class I glutamine amidotransferase-like,DJ-1_PfpI
6q3t,A,62,6q3tAD01,1,e6q3tA1,2007.1.1.1,Class I glutamine amidotransferase-like,DJ-1_PfpI
6q3t,A,63,6q3tAD01,1,e6q3tA1,2007.1.1.1,Class I glutamine amidotransferase-like,DJ-1_PfpI
6q3t,A,64,6q3tAD01,1,e6q3tA1,2007.1.1.1,Class I glutamine amidotransferase-like,DJ-1_PfpI
6q3t,A,65,6q3tAD01,1,e6q3tA1,2007.1.1.1,Class I glutamine amidotransferase-like,DJ-1_PfpI
6q3t,A,66,6q3tAD01,1,e6q3tA1,2007.1.1.1,Class I glutamine amidotransferase-like,DJ-1_PfpI
6q3t,A,67,6q3tAD01,1,e6q3tA1,2007.1.1.1,Class I glutamine amidotransferase-like,DJ-1_PfpI
6q3t,A,68,6q3tAD01,1,e6q3tA1,2007.1.1.1,Class I glutamine amidotransferase-like,DJ-1_PfpI
6q3t,A,69,6q3tAD01,1,e6q3tA1,2007.1.1.1,Class I glutamine amidotransferase-like,DJ-1_PfpI
6q3t,A,70,6q3tAD01,1,e6q3tA1,2007.1.1.1,Class I glutamine amidotransferase-like,DJ-1_PfpI
6q3t,A,71,6q3tAD01,1,e6q3tA1,2007.1.1.1,Class I glutamine amidotransferase-like,DJ-1_PfpI
6q3t,A,72,6q3tAD01,1,e6q3tA1,2007.1.1.1,Class I glutamine amidotransferase-like,DJ-1_PfpI
6q3t,A,73,6q3tAD01,1,e6q3tA1,2007.1.1.1,Class I glutamine amidotransferase-like,DJ-1_PfpI
6q3t,A,74,6q3tAD01,1,e6q3tA1,2007.1.1.1,Class I glutamine amidotransferase-like,DJ-1_PfpI
6q3t,A,75,6q3tAD01,1,e6q3tA1,2007.1.1.1,Class I glutamine amidotransferase-like,DJ-1_PfpI
6q3t,A,76,6q3tAD01,1,e6q3tA1,2007.1.1.1,Class I glutamine amidotransferase-like,DJ-1_PfpI
6q3t,A,77,6q3tAD01,1,e6q3tA1,2007.1.1.1,Class I glutamine amidotransferase-like,DJ-1_PfpI
6q3t,A,78,6q3tAD01,1,e6q3tA1,2007.1.1.1,Class I glutamine amidotransferase-like,DJ-1_PfpI
6q3t,A,79,6q3tAD01,1,e6q3tA1,2007.1.1.1,Class I glutamine amidotransferase-like,DJ-1_PfpI
6q3t,A,80,6q3tAD01,1,e6q3tA1,2007.1.1.1,Class I glutamine amidotransferase-like,DJ-1_PfpI
6q3t,A,81,6q3tAD01,1,e6q3tA1,2007.1.1.1,Class I glutamine amidotransferase-like,DJ-1_PfpI
6q3t,A,82,6q3tAD01,1,e6q3tA1,2007.1.1.1,Class I glutamine amidotransferase-like,DJ-1_PfpI
6q3t,A,83,6q3tAD01,1,e6q3tA1,2007.1.1.1,Class I glutamine amidotransferase-like,DJ-1_PfpI
6q3t,A,84,6q3tAD01,1,e6q3tA1,2007.1.1.1,Class I glutamine amidotransferase-like,DJ-1_PfpI
6q3t,A,85,6q3tAD01,1,e6q3tA1,2007.1.1.1,Class I glutamine amidotransferase-like,DJ-1_PfpI
6q3t,A,86,6q3tAD01,1,e6q3tA1,2007.1.1.1,Class I glutamine amidotransferase-like,DJ-1_PfpI
6q3t,A,87,6q3tAD01,1,e6q3tA1,2007.1.1.1,Class I glutamine amidotransferase-like,DJ-1_PfpI
6q3t,A,88,6q3tAD01,1,e6q3tA1,2007.1.1.1,Class I glutamine amidotransferase-like,DJ-1_PfpI
6q3t,A,89,6q3tAD01,1,e6q3tA1,2007.1.1.1,Class I glutamine amidotransferase-like,DJ-1_PfpI
6q3t,A,90,6q3tAD01,1,e6q3tA1,2007.1.1.1,Class I glutamine amidotransferase-like,DJ-1_PfpI
6q3t,A,91,6q3tAD01,1,e6q3tA1,2007.1.1.1,Class I glutamine amidotransferase-like,DJ-1_PfpI
6q3t,A,92,6q3tAD01,1,e6q3tA1,2007.1.1.1,Class I glutamine amidotransferase-like,DJ-1_PfpI
6q3t,A,93,6q3tAD01,1,e6q3tA1,2007.1.1.1,Class I glutamine amidotransferase-like,DJ-1_PfpI
6q3t,A,94,6q3tAD01,1,e6q3tA1,2007.1.1.1,Class I glutamine amidotransferase-like,DJ-1_PfpI
6q3t,A,95,6q3tAD01,1,e6q3tA1,2007.1.1.1,Class I glutamine amidotransferase-like,DJ-1_PfpI
6q3t,A,96,6q3tAD01,1,e6q3tA1,2007.1.1.1,Class I glutamine amidotransferase-like,DJ-1_PfpI
6q3t,A,97,6q3tAD01,1,e6q3tA1,2007.1.1.1,Class I glutamine amidotransferase-like,DJ-1_PfpI
6q3t,A,98,6q3tAD01,1,e6q3tA1,2007.1.1.1,Class I glutamine amidotransferase-like,DJ-1_PfpI
6q3t,A,99,6q3tAD01,1,e6q3tA1,2007.1.1.1,Class I glutamine amidotransferase-like,DJ-1_PfpI
6q3t,A,100,6q3tAD01,1,e6q3tA1,2007.1.1.1,Class I glutamine amidotransferase-like,DJ-1_PfpI
6q3t,A,101,6q3tAD01,1,e6q3tA1,2007.1.1.1,Class I glutamine amidotransferase-like,DJ-1_PfpI
6q3t,A,102,6q3tAD01,1,e6q3tA1,2007.1.1.1,Class I glutamine amidotransferase-like,DJ-1_PfpI
6q3t,A,103,6q3tAD01,1,e6q3tA1,2007.1.1.1,Class I glutamine amidotransferase-like,DJ-1_PfpI
6q3t,A,104,6q3tAD01,1,e6q3tA1,2007.1.1.1,Class I glutamine amidotransferase-like,DJ-1_PfpI
6q3t,A,105,6q3tAD01,1,e6q3tA1,2007.1.1.1,Class I glutamine amidotransferase-like,DJ-1_PfpI
6q3t,A,106,6q3tAD01,1,e6q3tA1,2007.1.1.1,Class I glutamine amidotransferase-like,DJ-1_PfpI
6q3t,A,107,6q3tAD01,1,e6q3tA1,2007.1.1.1,Class I glutamine amidotransferase-like,DJ-1_PfpI
6q3t,A,108,6q3tAD01,1,e6q3tA1,2007.1.1.1,Class I glutamine amidotransferase-like,DJ-1_PfpI
6q3t,A,109,6q3tAD01,1,e6q3tA1,2007.1.1.1,Class I glutamine amidotransferase-like,DJ-1_PfpI
6q3t,A,110,6q3tAD01,1,e6q3tA1,2007.1.1.1,Class I glutamine amidotransferase-like,DJ-1_PfpI
6q3t,A,111,6q3tAD01,1,e6q3tA1,2007.1.1.1,Class I glutamine amidotransferase-like,DJ-1_PfpI
6q3t,A,112,6q3tAD01,1,e6q3tA1,2007.1.1.1,Class I glutamine amidotransferase-like,DJ-1_PfpI
6q3t,A,113,6q3tAD01,1,e6q3tA1,2007.1.1.1,Class I glutamine amidotransferase-like,DJ-1_PfpI
6q3t,A,114,6q3tAD01,1,e6q3tA1,2007.1.1.1,Class I glutamine amidotransferase-like,DJ-1_PfpI
6q3t,A,115,6q3tAD01,1,e6q3tA1,2007.1.1.1,Class I glutamine amidotransferase-like,DJ-1_PfpI
6q3t,A,116,6q3tAD01,1,e6q3tA1,2007.1.1.1,Class I glutamine amidotransferase-like,DJ-1_PfpI
6q3t,A,117,6q3tAD01,1,e6q3tA1,2007.1.1.1,Class I glutamine amidotransferase-like,DJ-1_PfpI
6q3t,A,118,6q3tAD01,1,e6q3tA1,2007.1.1.1,Class I glutamine amidotransferase-like,DJ-1_PfpI
6q3t,A,119,6q3tAD01,1,e6q3tA1,2007.1.1.1,Class I glutamine amidotransferase-like,DJ-1_PfpI
6q3t,A,120,6q3tAD01,1,e6q3tA1,2007.1.1.1,Class I glutamine amidotransferase-like,DJ-1_PfpI
6q3t,A,121,6q3tAD01,1,e6q3tA1,2007.1.1.1,Class I glutamine amidotransferase-like,DJ-1_PfpI
6q3t,A,122,6q3tAD01,1,e6q3tA1,2007.1.1.1,Class I glutamine amidotransferase-like,DJ-1_PfpI
6q3t,A,123,6q3tAD01,1,e6q3tA1,2007.1.1.1,Class I glutamine amidotransferase-like,DJ-1_PfpI
6q3t,A,124,6q3tAD01,1,e6q3tA1,2007.1.1.1,Class I glutamine amidotransferase-like,DJ-1_PfpI
6q3t,A,125,6q3tAD01,1,e6q3tA1,2007.1.1.1,Class I glutamine amidotransferase-like,DJ-1_PfpI
6q3t,A,126,6q3tAD01,1,e6q3tA1,2007.1.1.1,Class I glutamine amidotransferase-like,DJ-1_PfpI
6q3t,A,127,6q3tAD01,1,e6q3tA1,2007.1.1.1,Class I glutamine amidotransferase-like,DJ-1_PfpI
6q3t,A,128,6q3tAD01,1,e6q3tA1,2007.1.1.1,Class I glutamine amidotransferase-like,DJ-1_PfpI
6q3t,A,129,6q3tAD01,1,e6q3tA1,2007.1.1.1,Class I glutamine amidotransferase-like,DJ-1_PfpI
6q3t,A,130,6q3tAD01,1,e6q3tA1,2007.1.1.1,Class I glutamine amidotransferase-like,DJ-1_PfpI
6q3t,A,131,6q3tAD01,1,e6q3tA1,2007.1.1.1,Class I glutamine amidotransferase-like,DJ-1_PfpI
6q3t,A,132,6q3tAD01,1,e6q3tA1,2007.1.1.1,Class I glutamine amidotransferase-like,DJ-1_PfpI
6q3t,A,133,6q3tAD01,1,e6q3tA1,2007.1.1.1,Class I glutamine amidotransferase-like,DJ-1_PfpI
6q3t,A,134,6q3tAD01,1,e6q3tA1,2007.1.1.1,Class I glutamine amidotransferase-like,DJ-1_PfpI
6q3t,A,135,6q3tAD01,1,e6q3tA1,2007.1.1.1,Class I glutamine amidotransferase-like,DJ-1_PfpI
6q3t,A,136,6q3tAD01,1,e6q3tA1,2007.1.1.1,Class I glutamine amidotransferase-like,DJ-1_PfpI
6q3t,A,137,6q3tAD01,1,e6q3tA1,2007.1.1.1,Class I glutamine amidotransferase-like,DJ-1_PfpI
6q3t,A,138,6q3tAD01,1,e6q3tA1,2007.1.1.1,Class I glutamine amidotransferase-like,DJ-1_PfpI
6q3t,A,139,6q3tAD01,1,e6q3tA1,2007.1.1.1,Class I glutamine amidotransferase-like,DJ-1_PfpI
6q3t,A,140,6q3tAD01,1,e6q3tA1,2007.1.1.1,Class I glutamine amidotransferase-like,DJ-1_PfpI
6q3t,A,141,6q3tAD01,1,e6q3tA1,2007.1.1.1,Class I glutamine amidotransferase-like,DJ-1_PfpI
6q3t,A,142,6q3tAD01,1,e6q3tA1,2007.1.1.1,Class I glutamine amidotransferase-like,DJ-1_PfpI
6q3t,A,143,6q3tAD01,1,e6q3tA1,2007.1.1.1,Class I glutamine amidotransferase-like,DJ-1_PfpI
6q3t,A,144,6q3tAD01,1,e6q3tA1,2007.1.1.1,Class I glutamine amidotransferase-like,DJ-1_PfpI
6q3t,A,145,6q3tAD01,1,e6q3tA1,2007.1.1.1,Class I glutamine amidotransferase-like,DJ-1_PfpI
6q3t,A,146,6q3tAD01,1,e6q3tA1,2007.1.1.1,Class I glutamine amidotransferase-like,DJ-1_PfpI
6q3t,A,147,6q3tAD01,1,e6q3tA1,2007.1.1.1,Class I glutamine amidotransferase-like,DJ-1_PfpI
6q3t,A,148,6q3tAD01,1,e6q3tA1,2007.1.1.1,Class I glutamine amidotransferase-like,DJ-1_PfpI
6q3t,A,149,6q3tAD01,1,e6q3tA1,2007.1.1.1,Class I glutamine amidotransferase-like,DJ-1_PfpI
6q3t,A,150,6q3tAD01,1,e6q3tA1,2007.1.1.1,Class I glutamine amidotransferase-like,DJ-1_PfpI
6q3t,A,151,6q3tAD01,1,e6q3tA1,2007.1.1.1,Class I glutamine amidotransferase-like,DJ-1_PfpI
6q3t,A,152,6q3tAD01,1,e6q3tA1,2007.1.1.1,Class I glutamine amidotransferase-like,DJ-1_PfpI
6q3t,A,153,6q3tAD01,1,e6q3tA1,2007.1.1.1,Class I glutamine amidotransferase-like,DJ-1_PfpI
6q3t,A,154,6q3tAD01,1,e6q3tA1,2007.1.1.1,Class I glutamine amidotransferase-like,DJ-1_PfpI
6q3t,A,155,6q3tAD01,1,e6q3tA1,2007.1.1.1,Class I glutamine amidotransferase-like,DJ-1_PfpI
6q3t,A,156,6q3tAD01,1,e6q3tA1,2007.1.1.1,Class I glutamine amidotransferase-like,DJ-1_PfpI
6q3t,A,157,6q3tAD01,1,e6q3tA1,2007.1.1.1,Class I glutamine amidotransferase-like,DJ-1_PfpI
6q3t,A,158,6q3tAD01,1,e6q3tA1,2007.1.1.1,Class I glutamine amidotransferase-like,DJ-1_PfpI
6q3t,A,159,6q3tAD01,1,e6q3tA1,2007.1.1.1,Class I glutamine amidotransferase-like,DJ-1_PfpI
6q3t,A,160,6q3tAD01,1,e6q3tA1,2007.1.1.1,Class I glutamine amidotransferase-like,DJ-1_PfpI
6q3t,A,161,6q3tAD01,1,e6q3tA1,2007.1.1.1,Class I glutamine amidotransferase-like,DJ-1_PfpI
6q3t,A,162,6q3tAD01,1,e6q3tA1,2007.1.1.1,Class I glutamine amidotransferase-like,DJ-1_PfpI
6q3t,A,163,6q3tAD01,1,e6q3tA1,2007.1.1.1,Class I glutamine amidotransferase-like,DJ-1_PfpI
6q3t,A,164,6q3tAD01,1,e6q3tA1,2007.1.1.1,Class I glutamine amidotransferase-like,DJ-1_PfpI
6q3t,A,165,6q3tAD01,1,e6q3tA1,2007.1.1.1,Class I glutamine amidotransferase-like,DJ-1_PfpI
6q3t,A,166,6q3tAD01,1,e6q3tA1,2007.1.1.1,Class I glutamine amidotransferase-like,DJ-1_PfpI
6q3t,B,1,6q3tBD01,1,e6q3tB1,2007.1.1.1,Class I glutamine amidotransferase-like,DJ-1_PfpI
6q3t,B,2,6q3tBD01,1,e6q3tB1,2007.1.1.1,Class I glutamine amidotransferase-like,DJ-1_PfpI
6q3t,B,3,6q3tBD01,1,e6q3tB1,2007.1.1.1,Class I glutamine amidotransferase-like,DJ-1_PfpI
6q3t,B,4,6q3tBD01,1,e6q3tB1,2007.1.1.1,Class I glutamine amidotransferase-like,DJ-1_PfpI
6q3t,B,5,6q3tBD01,1,e6q3tB1,2007.1.1.1,Class I glutamine amidotransferase-like,DJ-1_PfpI
6q3t,B,6,6q3tBD01,1,e6q3tB1,2007.1.1.1,Class I glutamine amidotransferase-like,DJ-1_PfpI
6q3t,B,7,6q3tBD01,1,e6q3tB1,2007.1.1.1,Class I glutamine amidotransferase-like,DJ-1_PfpI
6q3t,B,8,6q3tBD01,1,e6q3tB1,2007.1.1.1,Class I glutamine amidotransferase-like,DJ-1_PfpI
6q3t,B,9,6q3tBD01,1,e6q3tB1,2007.1.1.1,Class I glutamine amidotransferase-like,DJ-1_PfpI
6q3t,B,10,6q3tBD01,1,e6q3tB1,2007.1.1.1,Class I glutamine amidotransferase-like,DJ-1_PfpI
6q3t,B,11,6q3tBD01,1,e6q3tB1,2007.1.1.1,Class I glutamine amidotransferase-like,DJ-1_PfpI
6q3t,B,12,6q3tBD01,1,e6q3tB1,2007.1.1.1,Class I glutamine amidotransferase-like,DJ-1_PfpI
6q3t,B,13,6q3tBD01,1,e6q3tB1,2007.1.1.1,Class I glutamine amidotransferase-like,DJ-1_PfpI
6q3t,B,14,6q3tBD01,1,e6q3tB1,2007.1.1.1,Class I glutamine amidotransferase-like,DJ-1_PfpI
6q3t,B,15,6q3tBD01,1,e6q3tB1,2007.1.1.1,Class I glutamine amidotransferase-like,DJ-1_PfpI
6q3t,B,16,6q3tBD01,1,e6q3tB1,2007.1.1.1,Class I glutamine amidotransferase-like,DJ-1_PfpI
6q3t,B,17,6q3tBD01,1,e6q3tB1,2007.1.1.1,Class I glutamine amidotransferase-like,DJ-1_PfpI
6q3t,B,18,6q3tBD01,1,e6q3tB1,2007.1.1.1,Class I glutamine amidotransferase-like,DJ-1_PfpI
6q3t,B,19,6q3tBD01,1,e6q3tB1,2007.1.1.1,Class I glutamine amidotransferase-like,DJ-1_PfpI
6q3t,B,20,6q3tBD01,1,e6q3tB1,2007.1.1.1,Class I glutamine amidotransferase-like,DJ-1_PfpI
6q3t,B,21,6q3tBD01,1,e6q3tB1,2007.1.1.1,Class I glutamine amidotransferase-like,DJ-1_PfpI
6q3t,B,22,6q3tBD01,1,e6q3tB1,2007.1.1.1,Class I glutamine amidotransferase-like,DJ-1_PfpI
6q3t,B,23,6q3tBD01,1,e6q3tB1,2007.1.1.1,Class I glutamine amidotransferase-like,DJ-1_PfpI
6q3t,B,24,6q3tBD01,1,e6q3tB1,2007.1.1.1,Class I glutamine amidotransferase-like,DJ-1_PfpI
6q3t,B,25,6q3tBD01,1,e6q3tB1,2007.1.1.1,Class I glutamine amidotransferase-like,DJ-1_PfpI
6q3t,B,26,6q3tBD01,1,e6q3tB1,2007.1.1.1,Class I glutamine amidotransferase-like,DJ-1_PfpI
6q3t,B,27,6q3tBD01,1,e6q3tB1,2007.1.1.1,Class I glutamine amidotransferase-like,DJ-1_PfpI
6q3t,B,28,6q3tBD01,1,e6q3tB1,2007.1.1.1,Class I glutamine amidotransferase-like,DJ-1_PfpI
6q3t,B,29,6q3tBD01,1,e6q3tB1,2007.1.1.1,Class I glutamine amidotransferase-like,DJ-1_PfpI
6q3t,B,30,6q3tBD01,1,e6q3tB1,2007.1.1.1,Class I glutamine amidotransferase-like,DJ-1_PfpI
6q3t,B,31,6q3tBD01,1,e6q3tB1,2007.1.1.1,Class I glutamine amidotransferase-like,DJ-1_PfpI
6q3t,B,32,6q3tBD01,1,e6q3tB1,2007.1.1.1,Class I glutamine amidotransferase-like,DJ-1_PfpI
6q3t,B,33,6q3tBD01,1,e6q3tB1,2007.1.1.1,Class I glutamine amidotransferase-like,DJ-1_PfpI
6q3t,B,34,6q3tBD01,1,e6q3tB1,2007.1.1.1,Class I glutamine amidotransferase-like,DJ-1_PfpI
6q3t,B,35,6q3tBD01,1,e6q3tB1,2007.1.1.1,Class I glutamine amidotransferase-like,DJ-1_PfpI
6q3t,B,36,6q3tBD01,1,e6q3tB1,2007.1.1.1,Class I glutamine amidotransferase-like,DJ-1_PfpI
6q3t,B,37,6q3tBD01,1,e6q3tB1,2007.1.1.1,Class I glutamine amidotransferase-like,DJ-1_PfpI
6q3t,B,38,6q3tBD01,1,e6q3tB1,2007.1.1.1,Class I glutamine amidotransferase-like,DJ-1_PfpI
6q3t,B,39,6q3tBD01,1,e6q3tB1,2007.1.1.1,Class I glutamine amidotransferase-like,DJ-1_PfpI
6q3t,B,40,6q3tBD01,1,e6q3tB1,2007.1.1.1,Class I glutamine amidotransferase-like,DJ-1_PfpI
6q3t,B,41,6q3tBD01,1,e6q3tB1,2007.1.1.1,Class I glutamine amidotransferase-like,DJ-1_PfpI
6q3t,B,42,6q3tBD01,1,e6q3tB1,2007.1.1.1,Class I glutamine amidotransferase-like,DJ-1_PfpI
6q3t,B,43,6q3tBD01,1,e6q3tB1,2007.1.1.1,Class I glutamine amidotransferase-like,DJ-1_PfpI
6q3t,B,44,6q3tBD01,1,e6q3tB1,2007.1.1.1,Class I glutamine amidotransferase-like,DJ-1_PfpI
6q3t,B,45,6q3tBD01,1,e6q3tB1,2007.1.1.1,Class I glutamine amidotransferase-like,DJ-1_PfpI
6q3t,B,46,6q3tBD01,1,e6q3tB1,2007.1.1.1,Class I glutamine amidotransferase-like,DJ-1_PfpI
6q3t,B,47,6q3tBD01,1,e6q3tB1,2007.1.1.1,Class I glutamine amidotransferase-like,DJ-1_PfpI
6q3t,B,48,6q3tBD01,1,e6q3tB1,2007.1.1.1,Class I glutamine amidotransferase-like,DJ-1_PfpI
6q3t,B,49,6q3tBD01,1,e6q3tB1,2007.1.1.1,Class I glutamine amidotransferase-like,DJ-1_PfpI
6q3t,B,50,6q3tBD01,1,e6q3tB1,2007.1.1.1,Class I glutamine amidotransferase-like,DJ-1_PfpI
6q3t,B,51,6q3tBD01,1,e6q3tB1,2007.1.1.1,Class I glutamine amidotransferase-like,DJ-1_PfpI
6q3t,B,52,6q3tBD01,1,e6q3tB1,2007.1.1.1,Class I glutamine amidotransferase-like,DJ-1_PfpI
6q3t,B,53,6q3tBD01,1,e6q3tB1,2007.1.1.1,Class I glutamine amidotransferase-like,DJ-1_PfpI
6q3t,B,54,6q3tBD01,1,e6q3tB1,2007.1.1.1,Class I glutamine amidotransferase-like,DJ-1_PfpI
6q3t,B,55,6q3tBD01,1,e6q3tB1,2007.1.1.1,Class I glutamine amidotransferase-like,DJ-1_PfpI
6q3t,B,56,6q3tBD01,1,e6q3tB1,2007.1.1.1,Class I glutamine amidotransferase-like,DJ-1_PfpI
6q3t,B,57,6q3tBD01,1,e6q3tB1,2007.1.1.1,Class I glutamine amidotransferase-like,DJ-1_PfpI
6q3t,B,58,6q3tBD01,1,e6q3tB1,2007.1.1.1,Class I glutamine amidotransferase-like,DJ-1_PfpI
6q3t,B,59,6q3tBD01,1,e6q3tB1,2007.1.1.1,Class I glutamine amidotransferase-like,DJ-1_PfpI
6q3t,B,60,6q3tBD01,1,e6q3tB1,2007.1.1.1,Class I glutamine amidotransferase-like,DJ-1_PfpI
6q3t,B,61,6q3tBD01,1,e6q3tB1,2007.1.1.1,Class I glutamine amidotransferase-like,DJ-1_PfpI
6q3t,B,62,6q3tBD01,1,e6q3tB1,2007.1.1.1,Class I glutamine amidotransferase-like,DJ-1_PfpI
6q3t,B,63,6q3tBD01,1,e6q3tB1,2007.1.1.1,Class I glutamine amidotransferase-like,DJ-1_PfpI
6q3t,B,64,6q3tBD01,1,e6q3tB1,2007.1.1.1,Class I glutamine amidotransferase-like,DJ-1_PfpI
6q3t,B,65,6q3tBD01,1,e6q3tB1,2007.1.1.1,Class I glutamine amidotransferase-like,DJ-1_PfpI
6q3t,B,66,6q3tBD01,1,e6q3tB1,2007.1.1.1,Class I glutamine amidotransferase-like,DJ-1_PfpI
6q3t,B,67,6q3tBD01,1,e6q3tB1,2007.1.1.1,Class I glutamine amidotransferase-like,DJ-1_PfpI
6q3t,B,68,6q3tBD01,1,e6q3tB1,2007.1.1.1,Class I glutamine amidotransferase-like,DJ-1_PfpI
6q3t,B,69,6q3tBD01,1,e6q3tB1,2007.1.1.1,Class I glutamine amidotransferase-like,DJ-1_PfpI
6q3t,B,70,6q3tBD01,1,e6q3tB1,2007.1.1.1,Class I glutamine amidotransferase-like,DJ-1_PfpI
6q3t,B,71,6q3tBD01,1,e6q3tB1,2007.1.1.1,Class I glutamine amidotransferase-like,DJ-1_PfpI
6q3t,B,72,6q3tBD01,1,e6q3tB1,2007.1.1.1,Class I glutamine amidotransferase-like,DJ-1_PfpI
6q3t,B,73,6q3tBD01,1,e6q3tB1,2007.1.1.1,Class I glutamine amidotransferase-like,DJ-1_PfpI
6q3t,B,74,6q3tBD01,1,e6q3tB1,2007.1.1.1,Class I glutamine amidotransferase-like,DJ-1_PfpI
6q3t,B,75,6q3tBD01,1,e6q3tB1,2007.1.1.1,Class I glutamine amidotransferase-like,DJ-1_PfpI
6q3t,B,76,6q3tBD01,1,e6q3tB1,2007.1.1.1,Class I glutamine amidotransferase-like,DJ-1_PfpI
6q3t,B,77,6q3tBD01,1,e6q3tB1,2007.1.1.1,Class I glutamine amidotransferase-like,DJ-1_PfpI
6q3t,B,78,6q3tBD01,1,e6q3tB1,2007.1.1.1,Class I glutamine amidotransferase-like,DJ-1_PfpI
6q3t,B,79,6q3tBD01,1,e6q3tB1,2007.1.1.1,Class I glutamine amidotransferase-like,DJ-1_PfpI
6q3t,B,80,6q3tBD01,1,e6q3tB1,2007.1.1.1,Class I glutamine amidotransferase-like,DJ-1_PfpI
6q3t,B,81,6q3tBD01,1,e6q3tB1,2007.1.1.1,Class I glutamine amidotransferase-like,DJ-1_PfpI
6q3t,B,82,6q3tBD01,1,e6q3tB1,2007.1.1.1,Class I glutamine amidotransferase-like,DJ-1_PfpI
6q3t,B,83,6q3tBD01,1,e6q3tB1,2007.1.1.1,Class I glutamine amidotransferase-like,DJ-1_PfpI
6q3t,B,84,6q3tBD01,1,e6q3tB1,2007.1.1.1,Class I glutamine amidotransferase-like,DJ-1_PfpI
6q3t,B,85,6q3tBD01,1,e6q3tB1,2007.1.1.1,Class I glutamine amidotransferase-like,DJ-1_PfpI
6q3t,B,86,6q3tBD01,1,e6q3tB1,2007.1.1.1,Class I glutamine amidotransferase-like,DJ-1_PfpI
6q3t,B,87,6q3tBD01,1,e6q3tB1,2007.1.1.1,Class I glutamine amidotransferase-like,DJ-1_PfpI
6q3t,B,88,6q3tBD01,1,e6q3tB1,2007.1.1.1,Class I glutamine amidotransferase-like,DJ-1_PfpI
6q3t,B,89,6q3tBD01,1,e6q3tB1,2007.1.1.1,Class I glutamine amidotransferase-like,DJ-1_PfpI
6q3t,B,90,6q3tBD01,1,e6q3tB1,2007.1.1.1,Class I glutamine amidotransferase-like,DJ-1_PfpI
6q3t,B,91,6q3tBD01,1,e6q3tB1,2007.1.1.1,Class I glutamine amidotransferase-like,DJ-1_PfpI
6q3t,B,92,6q3tBD01,1,e6q3tB1,2007.1.1.1,Class I glutamine amidotransferase-like,DJ-1_PfpI
6q3t,B,93,6q3tBD01,1,e6q3tB1,2007.1.1.1,Class I glutamine amidotransferase-like,DJ-1_PfpI
6q3t,B,94,6q3tBD01,1,e6q3tB1,2007.1.1.1,Class I glutamine amidotransferase-like,DJ-1_PfpI
6q3t,B,95,6q3tBD01,1,e6q3tB1,2007.1.1.1,Class I glutamine amidotransferase-like,DJ-1_PfpI
6q3t,B,96,6q3tBD01,1,e6q3tB1,2007.1.1.1,Class I glutamine amidotransferase-like,DJ-1_PfpI
6q3t,B,97,6q3tBD01,1,e6q3tB1,2007.1.1.1,Class I glutamine amidotransferase-like,DJ-1_PfpI
6q3t,B,98,6q3tBD01,1,e6q3tB1,2007.1.1.1,Class I glutamine amidotransferase-like,DJ-1_PfpI
6q3t,B,99,6q3tBD01,1,e6q3tB1,2007.1.1.1,Class I glutamine amidotransferase-like,DJ-1_PfpI
6q3t,B,100,6q3tBD01,1,e6q3tB1,2007.1.1.1,Class I glutamine amidotransferase-like,DJ-1_PfpI
6q3t,B,101,6q3tBD01,1,e6q3tB1,2007.1.1.1,Class I glutamine amidotransferase-like,DJ-1_PfpI
6q3t,B,102,6q3tBD01,1,e6q3tB1,2007.1.1.1,Class I glutamine amidotransferase-like,DJ-1_PfpI
6q3t,B,103,6q3tBD01,1,e6q3tB1,2007.1.1.1,Class I glutamine amidotransferase-like,DJ-1_PfpI
6q3t,B,104,6q3tBD01,1,e6q3tB1,2007.1.1.1,Class I glutamine amidotransferase-like,DJ-1_PfpI
6q3t,B,105,6q3tBD01,1,e6q3tB1,2007.1.1.1,Class I glutamine amidotransferase-like,DJ-1_PfpI
6q3t,B,106,6q3tBD01,1,e6q3tB1,2007.1.1.1,Class I glutamine amidotransferase-like,DJ-1_PfpI
6q3t,B,107,6q3tBD01,1,e6q3tB1,2007.1.1.1,Class I glutamine amidotransferase-like,DJ-1_PfpI
6q3t,B,108,6q3tBD01,1,e6q3tB1,2007.1.1.1,Class I glutamine amidotransferase-like,DJ-1_PfpI
6q3t,B,109,6q3tBD01,1,e6q3tB1,2007.1.1.1,Class I glutamine amidotransferase-like,DJ-1_PfpI
6q3t,B,110,6q3tBD01,1,e6q3tB1,2007.1.1.1,Class I glutamine amidotransferase-like,DJ-1_PfpI
6q3t,B,111,6q3tBD01,1,e6q3tB1,2007.1.1.1,Class I glutamine amidotransferase-like,DJ-1_PfpI
6q3t,B,112,6q3tBD01,1,e6q3tB1,2007.1.1.1,Class I glutamine amidotransferase-like,DJ-1_PfpI
6q3t,B,113,6q3tBD01,1,e6q3tB1,2007.1.1.1,Class I glutamine amidotransferase-like,DJ-1_PfpI
6q3t,B,114,6q3tBD01,1,e6q3tB1,2007.1.1.1,Class I glutamine amidotransferase-like,DJ-1_PfpI
6q3t,B,115,6q3tBD01,1,e6q3tB1,2007.1.1.1,Class I glutamine amidotransferase-like,DJ-1_PfpI
6q3t,B,116,6q3tBD01,1,e6q3tB1,2007.1.1.1,Class I glutamine amidotransferase-like,DJ-1_PfpI
6q3t,B,117,6q3tBD01,1,e6q3tB1,2007.1.1.1,Class I glutamine amidotransferase-like,DJ-1_PfpI
6q3t,B,118,6q3tBD01,1,e6q3tB1,2007.1.1.1,Class I glutamine amidotransferase-like,DJ-1_PfpI
6q3t,B,119,6q3tBD01,1,e6q3tB1,2007.1.1.1,Class I glutamine amidotransferase-like,DJ-1_PfpI
6q3t,B,120,6q3tBD01,1,e6q3tB1,2007.1.1.1,Class I glutamine amidotransferase-like,DJ-1_PfpI
6q3t,B,121,6q3tBD01,1,e6q3tB1,2007.1.1.1,Class I glutamine amidotransferase-like,DJ-1_PfpI
6q3t,B,122,6q3tBD01,1,e6q3tB1,2007.1.1.1,Class I glutamine amidotransferase-like,DJ-1_PfpI
6q3t,B,123,6q3tBD01,1,e6q3tB1,2007.1.1.1,Class I glutamine amidotransferase-like,DJ-1_PfpI
6q3t,B,124,6q3tBD01,1,e6q3tB1,2007.1.1.1,Class I glutamine amidotransferase-like,DJ-1_PfpI
6q3t,B,125,6q3tBD01,1,e6q3tB1,2007.1.1.1,Class I glutamine amidotransferase-like,DJ-1_PfpI
6q3t,B,126,6q3tBD01,1,e6q3tB1,2007.1.1.1,Class I glutamine amidotransferase-like,DJ-1_PfpI
6q3t,B,127,6q3tBD01,1,e6q3tB1,2007.1.1.1,Class I glutamine amidotransferase-like,DJ-1_PfpI
6q3t,B,128,6q3tBD01,1,e6q3tB1,2007.1.1.1,Class I glutamine amidotransferase-like,DJ-1_PfpI
6q3t,B,129,6q3tBD01,1,e6q3tB1,2007.1.1.1,Class I glutamine amidotransferase-like,DJ-1_PfpI
6q3t,B,130,6q3tBD01,1,e6q3tB1,2007.1.1.1,Class I glutamine amidotransferase-like,DJ-1_PfpI
6q3t,B,131,6q3tBD01,1,e6q3tB1,2007.1.1.1,Class I glutamine amidotransferase-like,DJ-1_PfpI
6q3t,B,132,6q3tBD01,1,e6q3tB1,2007.1.1.1,Class I glutamine amidotransferase-like,DJ-1_PfpI
6q3t,B,133,6q3tBD01,1,e6q3tB1,2007.1.1.1,Class I glutamine amidotransferase-like,DJ-1_PfpI
6q3t,B,134,6q3tBD01,1,e6q3tB1,2007.1.1.1,Class I glutamine amidotransferase-like,DJ-1_PfpI
6q3t,B,135,6q3tBD01,1,e6q3tB1,2007.1.1.1,Class I glutamine amidotransferase-like,DJ-1_PfpI
6q3t,B,136,6q3tBD01,1,e6q3tB1,2007.1.1.1,Class I glutamine amidotransferase-like,DJ-1_PfpI
6q3t,B,137,6q3tBD01,1,e6q3tB1,2007.1.1.1,Class I glutamine amidotransferase-like,DJ-1_PfpI
6q3t,B,138,6q3tBD01,1,e6q3tB1,2007.1.1.1,Class I glutamine amidotransferase-like,DJ-1_PfpI
6q3t,B,139,6q3tBD01,1,e6q3tB1,2007.1.1.1,Class I glutamine amidotransferase-like,DJ-1_PfpI
6q3t,B,140,6q3tBD01,1,e6q3tB1,2007.1.1.1,Class I glutamine amidotransferase-like,DJ-1_PfpI
6q3t,B,141,6q3tBD01,1,e6q3tB1,2007.1.1.1,Class I glutamine amidotransferase-like,DJ-1_PfpI
6q3t,B,142,6q3tBD01,1,e6q3tB1,2007.1.1.1,Class I glutamine amidotransferase-like,DJ-1_PfpI
6q3t,B,143,6q3tBD01,1,e6q3tB1,2007.1.1.1,Class I glutamine amidotransferase-like,DJ-1_PfpI
6q3t,B,144,6q3tBD01,1,e6q3tB1,2007.1.1.1,Class I glutamine amidotransferase-like,DJ-1_PfpI
6q3t,B,145,6q3tBD01,1,e6q3tB1,2007.1.1.1,Class I glutamine amidotransferase-like,DJ-1_PfpI
6q3t,B,146,6q3tBD01,1,e6q3tB1,2007.1.1.1,Class I glutamine amidotransferase-like,DJ-1_PfpI
6q3t,B,147,6q3tBD01,1,e6q3tB1,2007.1.1.1,Class I glutamine amidotransferase-like,DJ-1_PfpI
6q3t,B,148,6q3tBD01,1,e6q3tB1,2007.1.1.1,Class I glutamine amidotransferase-like,DJ-1_PfpI
6q3t,B,149,6q3tBD01,1,e6q3tB1,2007.1.1.1,Class I glutamine amidotransferase-like,DJ-1_PfpI
6q3t,B,150,6q3tBD01,1,e6q3tB1,2007.1.1.1,Class I glutamine amidotransferase-like,DJ-1_PfpI
6q3t,B,151,6q3tBD01,1,e6q3tB1,2007.1.1.1,Class I glutamine amidotransferase-like,DJ-1_PfpI
6q3t,B,152,6q3tBD01,1,e6q3tB1,2007.1.1.1,Class I glutamine amidotransferase-like,DJ-1_PfpI
6q3t,B,153,6q3tBD01,1,e6q3tB1,2007.1.1.1,Class I glutamine amidotransferase-like,DJ-1_PfpI
6q3t,B,154,6q3tBD01,1,e6q3tB1,2007.1.1.1,Class I glutamine amidotransferase-like,DJ-1_PfpI
6q3t,B,155,6q3tBD01,1,e6q3tB1,2007.1.1.1,Class I glutamine amidotransferase-like,DJ-1_PfpI
6q3t,B,156,6q3tBD01,1,e6q3tB1,2007.1.1.1,Class I glutamine amidotransferase-like,DJ-1_PfpI
6q3t,B,157,6q3tBD01,1,e6q3tB1,2007.1.1.1,Class I glutamine amidotransferase-like,DJ-1_PfpI
6q3t,B,158,6q3tBD01,1,e6q3tB1,2007.1.1.1,Class I glutamine amidotransferase-like,DJ-1_PfpI
6q3t,B,159,6q3tBD01,1,e6q3tB1,2007.1.1.1,Class I glutamine amidotransferase-like,DJ-1_PfpI
6q3t,B,160,6q3tBD01,1,e6q3tB1,2007.1.1.1,Class I glutamine amidotransferase-like,DJ-1_PfpI
6q3t,B,161,6q3tBD01,1,e6q3tB1,2007.1.1.1,Class I glutamine amidotransferase-like,DJ-1_PfpI
6q3t,B,162,6q3tBD01,1,e6q3tB1,2007.1.1.1,Class I glutamine amidotransferase-like,DJ-1_PfpI
6q3t,B,163,6q3tBD01,1,e6q3tB1,2007.1.1.1,Class I glutamine amidotransferase-like,DJ-1_PfpI
6q3t,B,164,6q3tBD01,1,e6q3tB1,2007.1.1.1,Class I glutamine amidotransferase-like,DJ-1_PfpI
6q3t,B,165,6q3tBD01,1,e6q3tB1,2007.1.1.1,Class I glutamine amidotransferase-like,DJ-1_PfpI
6q3t,B,166,6q3tBD01,1,e6q3tB1,2007.1.1.1,Class I glutamine amidotransferase-like,DJ-1_PfpI
6q3t,C,1,6q3tCD01,1,e6q3tC1,2007.1.1.1,Class I glutamine amidotransferase-like,DJ-1_PfpI
6q3t,C,2,6q3tCD01,1,e6q3tC1,2007.1.1.1,Class I glutamine amidotransferase-like,DJ-1_PfpI
6q3t,C,3,6q3tCD01,1,e6q3tC1,2007.1.1.1,Class I glutamine amidotransferase-like,DJ-1_PfpI
6q3t,C,4,6q3tCD01,1,e6q3tC1,2007.1.1.1,Class I glutamine amidotransferase-like,DJ-1_PfpI
6q3t,C,5,6q3tCD01,1,e6q3tC1,2007.1.1.1,Class I glutamine amidotransferase-like,DJ-1_PfpI
6q3t,C,6,6q3tCD01,1,e6q3tC1,2007.1.1.1,Class I glutamine amidotransferase-like,DJ-1_PfpI
6q3t,C,7,6q3tCD01,1,e6q3tC1,2007.1.1.1,Class I glutamine amidotransferase-like,DJ-1_PfpI
6q3t,C,8,6q3tCD01,1,e6q3tC1,2007.1.1.1,Class I glutamine amidotransferase-like,DJ-1_PfpI
6q3t,C,9,6q3tCD01,1,e6q3tC1,2007.1.1.1,Class I glutamine amidotransferase-like,DJ-1_PfpI
6q3t,C,10,6q3tCD01,1,e6q3tC1,2007.1.1.1,Class I glutamine amidotransferase-like,DJ-1_PfpI
6q3t,C,11,6q3tCD01,1,e6q3tC1,2007.1.1.1,Class I glutamine amidotransferase-like,DJ-1_PfpI
6q3t,C,12,6q3tCD01,1,e6q3tC1,2007.1.1.1,Class I glutamine amidotransferase-like,DJ-1_PfpI
6q3t,C,13,6q3tCD01,1,e6q3tC1,2007.1.1.1,Class I glutamine amidotransferase-like,DJ-1_PfpI
6q3t,C,14,6q3tCD01,1,e6q3tC1,2007.1.1.1,Class I glutamine amidotransferase-like,DJ-1_PfpI
6q3t,C,15,6q3tCD01,1,e6q3tC1,2007.1.1.1,Class I glutamine amidotransferase-like,DJ-1_PfpI
6q3t,C,16,6q3tCD01,1,e6q3tC1,2007.1.1.1,Class I glutamine amidotransferase-like,DJ-1_PfpI
6q3t,C,17,6q3tCD01,1,e6q3tC1,2007.1.1.1,Class I glutamine amidotransferase-like,DJ-1_PfpI
6q3t,C,18,6q3tCD01,1,e6q3tC1,2007.1.1.1,Class I glutamine amidotransferase-like,DJ-1_PfpI
6q3t,C,19,6q3tCD01,1,e6q3tC1,2007.1.1.1,Class I glutamine amidotransferase-like,DJ-1_PfpI
6q3t,C,20,6q3tCD01,1,e6q3tC1,2007.1.1.1,Class I glutamine amidotransferase-like,DJ-1_PfpI
6q3t,C,21,6q3tCD01,1,e6q3tC1,2007.1.1.1,Class I glutamine amidotransferase-like,DJ-1_PfpI
6q3t,C,22,6q3tCD01,1,e6q3tC1,2007.1.1.1,Class I glutamine amidotransferase-like,DJ-1_PfpI
6q3t,C,23,6q3tCD01,1,e6q3tC1,2007.1.1.1,Class I glutamine amidotransferase-like,DJ-1_PfpI
6q3t,C,24,6q3tCD01,1,e6q3tC1,2007.1.1.1,Class I glutamine amidotransferase-like,DJ-1_PfpI
6q3t,C,25,6q3tCD01,1,e6q3tC1,2007.1.1.1,Class I glutamine amidotransferase-like,DJ-1_PfpI
6q3t,C,26,6q3tCD01,1,e6q3tC1,2007.1.1.1,Class I glutamine amidotransferase-like,DJ-1_PfpI
6q3t,C,27,6q3tCD01,1,e6q3tC1,2007.1.1.1,Class I glutamine amidotransferase-like,DJ-1_PfpI
6q3t,C,28,6q3tCD01,1,e6q3tC1,2007.1.1.1,Class I glutamine amidotransferase-like,DJ-1_PfpI
6q3t,C,29,6q3tCD01,1,e6q3tC1,2007.1.1.1,Class I glutamine amidotransferase-like,DJ-1_PfpI
6q3t,C,30,6q3tCD01,1,e6q3tC1,2007.1.1.1,Class I glutamine amidotransferase-like,DJ-1_PfpI
6q3t,C,31,6q3tCD01,1,e6q3tC1,2007.1.1.1,Class I glutamine amidotransferase-like,DJ-1_PfpI
6q3t,C,32,6q3tCD01,1,e6q3tC1,2007.1.1.1,Class I glutamine amidotransferase-like,DJ-1_PfpI
6q3t,C,33,6q3tCD01,1,e6q3tC1,2007.1.1.1,Class I glutamine amidotransferase-like,DJ-1_PfpI
6q3t,C,34,6q3tCD01,1,e6q3tC1,2007.1.1.1,Class I glutamine amidotransferase-like,DJ-1_PfpI
6q3t,C,35,6q3tCD01,1,e6q3tC1,2007.1.1.1,Class I glutamine amidotransferase-like,DJ-1_PfpI
6q3t,C,36,6q3tCD01,1,e6q3tC1,2007.1.1.1,Class I glutamine amidotransferase-like,DJ-1_PfpI
6q3t,C,37,6q3tCD01,1,e6q3tC1,2007.1.1.1,Class I glutamine amidotransferase-like,DJ-1_PfpI
6q3t,C,38,6q3tCD01,1,e6q3tC1,2007.1.1.1,Class I glutamine amidotransferase-like,DJ-1_PfpI
6q3t,C,39,6q3tCD01,1,e6q3tC1,2007.1.1.1,Class I glutamine amidotransferase-like,DJ-1_PfpI
6q3t,C,40,6q3tCD01,1,e6q3tC1,2007.1.1.1,Class I glutamine amidotransferase-like,DJ-1_PfpI
6q3t,C,41,6q3tCD01,1,e6q3tC1,2007.1.1.1,Class I glutamine amidotransferase-like,DJ-1_PfpI
6q3t,C,42,6q3tCD01,1,e6q3tC1,2007.1.1.1,Class I glutamine amidotransferase-like,DJ-1_PfpI
6q3t,C,43,6q3tCD01,1,e6q3tC1,2007.1.1.1,Class I glutamine amidotransferase-like,DJ-1_PfpI
6q3t,C,44,6q3tCD01,1,e6q3tC1,2007.1.1.1,Class I glutamine amidotransferase-like,DJ-1_PfpI
6q3t,C,45,6q3tCD01,1,e6q3tC1,2007.1.1.1,Class I glutamine amidotransferase-like,DJ-1_PfpI
6q3t,C,46,6q3tCD01,1,e6q3tC1,2007.1.1.1,Class I glutamine amidotransferase-like,DJ-1_PfpI
6q3t,C,47,6q3tCD01,1,e6q3tC1,2007.1.1.1,Class I glutamine amidotransferase-like,DJ-1_PfpI
6q3t,C,48,6q3tCD01,1,e6q3tC1,2007.1.1.1,Class I glutamine amidotransferase-like,DJ-1_PfpI
6q3t,C,49,6q3tCD01,1,e6q3tC1,2007.1.1.1,Class I glutamine amidotransferase-like,DJ-1_PfpI
6q3t,C,50,6q3tCD01,1,e6q3tC1,2007.1.1.1,Class I glutamine amidotransferase-like,DJ-1_PfpI
6q3t,C,51,6q3tCD01,1,e6q3tC1,2007.1.1.1,Class I glutamine amidotransferase-like,DJ-1_PfpI
6q3t,C,52,6q3tCD01,1,e6q3tC1,2007.1.1.1,Class I glutamine amidotransferase-like,DJ-1_PfpI
6q3t,C,53,6q3tCD01,1,e6q3tC1,2007.1.1.1,Class I glutamine amidotransferase-like,DJ-1_PfpI
6q3t,C,54,6q3tCD01,1,e6q3tC1,2007.1.1.1,Class I glutamine amidotransferase-like,DJ-1_PfpI
6q3t,C,55,6q3tCD01,1,e6q3tC1,2007.1.1.1,Class I glutamine amidotransferase-like,DJ-1_PfpI
6q3t,C,56,6q3tCD01,1,e6q3tC1,2007.1.1.1,Class I glutamine amidotransferase-like,DJ-1_PfpI
6q3t,C,57,6q3tCD01,1,e6q3tC1,2007.1.1.1,Class I glutamine amidotransferase-like,DJ-1_PfpI
6q3t,C,58,6q3tCD01,1,e6q3tC1,2007.1.1.1,Class I glutamine amidotransferase-like,DJ-1_PfpI
6q3t,C,59,6q3tCD01,1,e6q3tC1,2007.1.1.1,Class I glutamine amidotransferase-like,DJ-1_PfpI
6q3t,C,60,6q3tCD01,1,e6q3tC1,2007.1.1.1,Class I glutamine amidotransferase-like,DJ-1_PfpI
6q3t,C,61,6q3tCD01,1,e6q3tC1,2007.1.1.1,Class I glutamine amidotransferase-like,DJ-1_PfpI
6q3t,C,62,6q3tCD01,1,e6q3tC1,2007.1.1.1,Class I glutamine amidotransferase-like,DJ-1_PfpI
6q3t,C,63,6q3tCD01,1,e6q3tC1,2007.1.1.1,Class I glutamine amidotransferase-like,DJ-1_PfpI
6q3t,C,64,6q3tCD01,1,e6q3tC1,2007.1.1.1,Class I glutamine amidotransferase-like,DJ-1_PfpI
6q3t,C,65,6q3tCD01,1,e6q3tC1,2007.1.1.1,Class I glutamine amidotransferase-like,DJ-1_PfpI
6q3t,C,66,6q3tCD01,1,e6q3tC1,2007.1.1.1,Class I glutamine amidotransferase-like,DJ-1_PfpI
6q3t,C,67,6q3tCD01,1,e6q3tC1,2007.1.1.1,Class I glutamine amidotransferase-like,DJ-1_PfpI
6q3t,C,68,6q3tCD01,1,e6q3tC1,2007.1.1.1,Class I glutamine amidotransferase-like,DJ-1_PfpI
6q3t,C,69,6q3tCD01,1,e6q3tC1,2007.1.1.1,Class I glutamine amidotransferase-like,DJ-1_PfpI
6q3t,C,70,6q3tCD01,1,e6q3tC1,2007.1.1.1,Class I glutamine amidotransferase-like,DJ-1_PfpI
6q3t,C,71,6q3tCD01,1,e6q3tC1,2007.1.1.1,Class I glutamine amidotransferase-like,DJ-1_PfpI
6q3t,C,72,6q3tCD01,1,e6q3tC1,2007.1.1.1,Class I glutamine amidotransferase-like,DJ-1_PfpI
6q3t,C,73,6q3tCD01,1,e6q3tC1,2007.1.1.1,Class I glutamine amidotransferase-like,DJ-1_PfpI
6q3t,C,74,6q3tCD01,1,e6q3tC1,2007.1.1.1,Class I glutamine amidotransferase-like,DJ-1_PfpI
6q3t,C,75,6q3tCD01,1,e6q3tC1,2007.1.1.1,Class I glutamine amidotransferase-like,DJ-1_PfpI
6q3t,C,76,6q3tCD01,1,e6q3tC1,2007.1.1.1,Class I glutamine amidotransferase-like,DJ-1_PfpI
6q3t,C,77,6q3tCD01,1,e6q3tC1,2007.1.1.1,Class I glutamine amidotransferase-like,DJ-1_PfpI
6q3t,C,78,6q3tCD01,1,e6q3tC1,2007.1.1.1,Class I glutamine amidotransferase-like,DJ-1_PfpI
6q3t,C,79,6q3tCD01,1,e6q3tC1,2007.1.1.1,Class I glutamine amidotransferase-like,DJ-1_PfpI
6q3t,C,80,6q3tCD01,1,e6q3tC1,2007.1.1.1,Class I glutamine amidotransferase-like,DJ-1_PfpI
6q3t,C,81,6q3tCD01,1,e6q3tC1,2007.1.1.1,Class I glutamine amidotransferase-like,DJ-1_PfpI
6q3t,C,82,6q3tCD01,1,e6q3tC1,2007.1.1.1,Class I glutamine amidotransferase-like,DJ-1_PfpI
6q3t,C,83,6q3tCD01,1,e6q3tC1,2007.1.1.1,Class I glutamine amidotransferase-like,DJ-1_PfpI
6q3t,C,84,6q3tCD01,1,e6q3tC1,2007.1.1.1,Class I glutamine amidotransferase-like,DJ-1_PfpI
6q3t,C,85,6q3tCD01,1,e6q3tC1,2007.1.1.1,Class I glutamine amidotransferase-like,DJ-1_PfpI
6q3t,C,86,6q3tCD01,1,e6q3tC1,2007.1.1.1,Class I glutamine amidotransferase-like,DJ-1_PfpI
6q3t,C,87,6q3tCD01,1,e6q3tC1,2007.1.1.1,Class I glutamine amidotransferase-like,DJ-1_PfpI
6q3t,C,88,6q3tCD01,1,e6q3tC1,2007.1.1.1,Class I glutamine amidotransferase-like,DJ-1_PfpI
6q3t,C,89,6q3tCD01,1,e6q3tC1,2007.1.1.1,Class I glutamine amidotransferase-like,DJ-1_PfpI
6q3t,C,90,6q3tCD01,1,e6q3tC1,2007.1.1.1,Class I glutamine amidotransferase-like,DJ-1_PfpI
6q3t,C,91,6q3tCD01,1,e6q3tC1,2007.1.1.1,Class I glutamine amidotransferase-like,DJ-1_PfpI
6q3t,C,92,6q3tCD01,1,e6q3tC1,2007.1.1.1,Class I glutamine amidotransferase-like,DJ-1_PfpI
6q3t,C,93,6q3tCD01,1,e6q3tC1,2007.1.1.1,Class I glutamine amidotransferase-like,DJ-1_PfpI
6q3t,C,94,6q3tCD01,1,e6q3tC1,2007.1.1.1,Class I glutamine amidotransferase-like,DJ-1_PfpI
6q3t,C,95,6q3tCD01,1,e6q3tC1,2007.1.1.1,Class I glutamine amidotransferase-like,DJ-1_PfpI
6q3t,C,96,6q3tCD01,1,e6q3tC1,2007.1.1.1,Class I glutamine amidotransferase-like,DJ-1_PfpI
6q3t,C,97,6q3tCD01,1,e6q3tC1,2007.1.1.1,Class I glutamine amidotransferase-like,DJ-1_PfpI
6q3t,C,98,6q3tCD01,1,e6q3tC1,2007.1.1.1,Class I glutamine amidotransferase-like,DJ-1_PfpI
6q3t,C,99,6q3tCD01,1,e6q3tC1,2007.1.1.1,Class I glutamine amidotransferase-like,DJ-1_PfpI
6q3t,C,100,6q3tCD01,1,e6q3tC1,2007.1.1.1,Class I glutamine amidotransferase-like,DJ-1_PfpI
6q3t,C,101,6q3tCD01,1,e6q3tC1,2007.1.1.1,Class I glutamine amidotransferase-like,DJ-1_PfpI
6q3t,C,102,6q3tCD01,1,e6q3tC1,2007.1.1.1,Class I glutamine amidotransferase-like,DJ-1_PfpI
6q3t,C,103,6q3tCD01,1,e6q3tC1,2007.1.1.1,Class I glutamine amidotransferase-like,DJ-1_PfpI
6q3t,C,104,6q3tCD01,1,e6q3tC1,2007.1.1.1,Class I glutamine amidotransferase-like,DJ-1_PfpI
6q3t,C,105,6q3tCD01,1,e6q3tC1,2007.1.1.1,Class I glutamine amidotransferase-like,DJ-1_PfpI
6q3t,C,106,6q3tCD01,1,e6q3tC1,2007.1.1.1,Class I glutamine amidotransferase-like,DJ-1_PfpI
6q3t,C,107,6q3tCD01,1,e6q3tC1,2007.1.1.1,Class I glutamine amidotransferase-like,DJ-1_PfpI
6q3t,C,108,6q3tCD01,1,e6q3tC1,2007.1.1.1,Class I glutamine amidotransferase-like,DJ-1_PfpI
6q3t,C,109,6q3tCD01,1,e6q3tC1,2007.1.1.1,Class I glutamine amidotransferase-like,DJ-1_PfpI
6q3t,C,110,6q3tCD01,1,e6q3tC1,2007.1.1.1,Class I glutamine amidotransferase-like,DJ-1_PfpI
6q3t,C,111,6q3tCD01,1,e6q3tC1,2007.1.1.1,Class I glutamine amidotransferase-like,DJ-1_PfpI
6q3t,C,112,6q3tCD01,1,e6q3tC1,2007.1.1.1,Class I glutamine amidotransferase-like,DJ-1_PfpI
6q3t,C,113,6q3tCD01,1,e6q3tC1,2007.1.1.1,Class I glutamine amidotransferase-like,DJ-1_PfpI
6q3t,C,114,6q3tCD01,1,e6q3tC1,2007.1.1.1,Class I glutamine amidotransferase-like,DJ-1_PfpI
6q3t,C,115,6q3tCD01,1,e6q3tC1,2007.1.1.1,Class I glutamine amidotransferase-like,DJ-1_PfpI
6q3t,C,116,6q3tCD01,1,e6q3tC1,2007.1.1.1,Class I glutamine amidotransferase-like,DJ-1_PfpI
6q3t,C,117,6q3tCD01,1,e6q3tC1,2007.1.1.1,Class I glutamine amidotransferase-like,DJ-1_PfpI
6q3t,C,118,6q3tCD01,1,e6q3tC1,2007.1.1.1,Class I glutamine amidotransferase-like,DJ-1_PfpI
6q3t,C,119,6q3tCD01,1,e6q3tC1,2007.1.1.1,Class I glutamine amidotransferase-like,DJ-1_PfpI
6q3t,C,120,6q3tCD01,1,e6q3tC1,2007.1.1.1,Class I glutamine amidotransferase-like,DJ-1_PfpI
6q3t,C,121,6q3tCD01,1,e6q3tC1,2007.1.1.1,Class I glutamine amidotransferase-like,DJ-1_PfpI
6q3t,C,122,6q3tCD01,1,e6q3tC1,2007.1.1.1,Class I glutamine amidotransferase-like,DJ-1_PfpI
6q3t,C,123,6q3tCD01,1,e6q3tC1,2007.1.1.1,Class I glutamine amidotransferase-like,DJ-1_PfpI
6q3t,C,124,6q3tCD01,1,e6q3tC1,2007.1.1.1,Class I glutamine amidotransferase-like,DJ-1_PfpI
6q3t,C,125,6q3tCD01,1,e6q3tC1,2007.1.1.1,Class I glutamine amidotransferase-like,DJ-1_PfpI
6q3t,C,126,6q3tCD01,1,e6q3tC1,2007.1.1.1,Class I glutamine amidotransferase-like,DJ-1_PfpI
6q3t,C,127,6q3tCD01,1,e6q3tC1,2007.1.1.1,Class I glutamine amidotransferase-like,DJ-1_PfpI
6q3t,C,128,6q3tCD01,1,e6q3tC1,2007.1.1.1,Class I glutamine amidotransferase-like,DJ-1_PfpI
6q3t,C,129,6q3tCD01,1,e6q3tC1,2007.1.1.1,Class I glutamine amidotransferase-like,DJ-1_PfpI
6q3t,C,130,6q3tCD01,1,e6q3tC1,2007.1.1.1,Class I glutamine amidotransferase-like,DJ-1_PfpI
6q3t,C,131,6q3tCD01,1,e6q3tC1,2007.1.1.1,Class I glutamine amidotransferase-like,DJ-1_PfpI
6q3t,C,132,6q3tCD01,1,e6q3tC1,2007.1.1.1,Class I glutamine amidotransferase-like,DJ-1_PfpI
6q3t,C,133,6q3tCD01,1,e6q3tC1,2007.1.1.1,Class I glutamine amidotransferase-like,DJ-1_PfpI
6q3t,C,134,6q3tCD01,1,e6q3tC1,2007.1.1.1,Class I glutamine amidotransferase-like,DJ-1_PfpI
6q3t,C,135,6q3tCD01,1,e6q3tC1,2007.1.1.1,Class I glutamine amidotransferase-like,DJ-1_PfpI
6q3t,C,136,6q3tCD01,1,e6q3tC1,2007.1.1.1,Class I glutamine amidotransferase-like,DJ-1_PfpI
6q3t,C,137,6q3tCD01,1,e6q3tC1,2007.1.1.1,Class I glutamine amidotransferase-like,DJ-1_PfpI
6q3t,C,138,6q3tCD01,1,e6q3tC1,2007.1.1.1,Class I glutamine amidotransferase-like,DJ-1_PfpI
6q3t,C,139,6q3tCD01,1,e6q3tC1,2007.1.1.1,Class I glutamine amidotransferase-like,DJ-1_PfpI
6q3t,C,140,6q3tCD01,1,e6q3tC1,2007.1.1.1,Class I glutamine amidotransferase-like,DJ-1_PfpI
6q3t,C,141,6q3tCD01,1,e6q3tC1,2007.1.1.1,Class I glutamine amidotransferase-like,DJ-1_PfpI
6q3t,C,142,6q3tCD01,1,e6q3tC1,2007.1.1.1,Class I glutamine amidotransferase-like,DJ-1_PfpI
6q3t,C,143,6q3tCD01,1,e6q3tC1,2007.1.1.1,Class I glutamine amidotransferase-like,DJ-1_PfpI
6q3t,C,144,6q3tCD01,1,e6q3tC1,2007.1.1.1,Class I glutamine amidotransferase-like,DJ-1_PfpI
6q3t,C,145,6q3tCD01,1,e6q3tC1,2007.1.1.1,Class I glutamine amidotransferase-like,DJ-1_PfpI
6q3t,C,146,6q3tCD01,1,e6q3tC1,2007.1.1.1,Class I glutamine amidotransferase-like,DJ-1_PfpI
6q3t,C,147,6q3tCD01,1,e6q3tC1,2007.1.1.1,Class I glutamine amidotransferase-like,DJ-1_PfpI
6q3t,C,148,6q3tCD01,1,e6q3tC1,2007.1.1.1,Class I glutamine amidotransferase-like,DJ-1_PfpI
6q3t,C,149,6q3tCD01,1,e6q3tC1,2007.1.1.1,Class I glutamine amidotransferase-like,DJ-1_PfpI
6q3t,C,150,6q3tCD01,1,e6q3tC1,2007.1.1.1,Class I glutamine amidotransferase-like,DJ-1_PfpI
6q3t,C,151,6q3tCD01,1,e6q3tC1,2007.1.1.1,Class I glutamine amidotransferase-like,DJ-1_PfpI
6q3t,C,152,6q3tCD01,1,e6q3tC1,2007.1.1.1,Class I glutamine amidotransferase-like,DJ-1_PfpI
6q3t,C,153,6q3tCD01,1,e6q3tC1,2007.1.1.1,Class I glutamine amidotransferase-like,DJ-1_PfpI
6q3t,C,154,6q3tCD01,1,e6q3tC1,2007.1.1.1,Class I glutamine amidotransferase-like,DJ-1_PfpI
6q3t,C,155,6q3tCD01,1,e6q3tC1,2007.1.1.1,Class I glutamine amidotransferase-like,DJ-1_PfpI
6q3t,C,156,6q3tCD01,1,e6q3tC1,2007.1.1.1,Class I glutamine amidotransferase-like,DJ-1_PfpI
6q3t,C,157,6q3tCD01,1,e6q3tC1,2007.1.1.1,Class I glutamine amidotransferase-like,DJ-1_PfpI
6q3t,C,158,6q3tCD01,1,e6q3tC1,2007.1.1.1,Class I glutamine amidotransferase-like,DJ-1_PfpI
6q3t,C,159,6q3tCD01,1,e6q3tC1,2007.1.1.1,Class I glutamine amidotransferase-like,DJ-1_PfpI
6q3t,C,160,6q3tCD01,1,e6q3tC1,2007.1.1.1,Class I glutamine amidotransferase-like,DJ-1_PfpI
6q3t,C,161,6q3tCD01,1,e6q3tC1,2007.1.1.1,Class I glutamine amidotransferase-like,DJ-1_PfpI
6q3t,C,162,6q3tCD01,1,e6q3tC1,2007.1.1.1,Class I glutamine amidotransferase-like,DJ-1_PfpI
6q3t,C,163,6q3tCD01,1,e6q3tC1,2007.1.1.1,Class I glutamine amidotransferase-like,DJ-1_PfpI
6q3t,C,164,6q3tCD01,1,e6q3tC1,2007.1.1.1,Class I glutamine amidotransferase-like,DJ-1_PfpI
6q3t,C,165,6q3tCD01,1,e6q3tC1,2007.1.1.1,Class I glutamine amidotransferase-like,DJ-1_PfpI
6q3t,C,166,6q3tCD01,1,e6q3tC1,2007.1.1.1,Class I glutamine amidotransferase-like,DJ-1_PfpI
